[{"pk": 1, "model": "contenttypes.contenttype", "fields": {"model": "logentry", "name": "log entry", "app_label": "admin"}}, {"pk": 2, "model": "contenttypes.contenttype", "fields": {"model": "permission", "name": "permission", "app_label": "auth"}}, {"pk": 3, "model": "contenttypes.contenttype", "fields": {"model": "group", "name": "group", "app_label": "auth"}}, {"pk": 4, "model": "contenttypes.contenttype", "fields": {"model": "user", "name": "user", "app_label": "auth"}}, {"pk": 5, "model": "contenttypes.contenttype", "fields": {"model": "contenttype", "name": "content type", "app_label": "contenttypes"}}, {"pk": 6, "model": "contenttypes.contenttype", "fields": {"model": "session", "name": "session", "app_label": "sessions"}}, {"pk": 7, "model": "contenttypes.contenttype", "fields": {"model": "locationauthority", "name": "location authority", "app_label": "concepts"}}, {"pk": 8, "model": "contenttypes.contenttype", "fields": {"model": "location", "name": "location", "app_label": "concepts"}}, {"pk": 9, "model": "contenttypes.contenttype", "fields": {"model": "concept", "name": "concept", "app_label": "concepts"}}, {"pk": 10, "model": "contenttypes.contenttype", "fields": {"model": "concepttype", "name": "concept type", "app_label": "concepts"}}, {"pk": 11, "model": "contenttypes.contenttype", "fields": {"model": "conceptauthority", "name": "concept authority", "app_label": "concepts"}}, {"pk": 12, "model": "contenttypes.contenttype", "fields": {"model": "text", "name": "text", "app_label": "texts"}}, {"pk": 13, "model": "contenttypes.contenttype", "fields": {"model": "node", "name": "node", "app_label": "networks"}}, {"pk": 14, "model": "contenttypes.contenttype", "fields": {"model": "network", "name": "network", "app_label": "networks"}}, {"pk": 15, "model": "contenttypes.contenttype", "fields": {"model": "nodetype", "name": "node type", "app_label": "networks"}}, {"pk": 16, "model": "contenttypes.contenttype", "fields": {"model": "networkprojection", "name": "network projection", "app_label": "networks"}}, {"pk": 17, "model": "contenttypes.contenttype", "fields": {"model": "edge", "name": "edge", "app_label": "networks"}}, {"pk": 18, "model": "contenttypes.contenttype", "fields": {"model": "textposition", "name": "text position", "app_label": "networks"}}, {"pk": 19, "model": "contenttypes.contenttype", "fields": {"model": "dataset", "name": "dataset", "app_label": "networks"}}, {"pk": 20, "model": "contenttypes.contenttype", "fields": {"model": "networklink", "name": "network link", "app_label": "networks"}}, {"pk": 21, "model": "contenttypes.contenttype", "fields": {"model": "appellation", "name": "appellation", "app_label": "networks"}}, {"pk": 22, "model": "contenttypes.contenttype", "fields": {"model": "relation", "name": "relation", "app_label": "networks"}}, {"pk": 23, "model": "contenttypes.contenttype", "fields": {"model": "repository", "name": "repository", "app_label": "repositories"}}, {"pk": 24, "model": "contenttypes.contenttype", "fields": {"model": "credential", "name": "credential", "app_label": "repositories"}}, {"pk": "4dq4r4uegq9m2zmnr7n73t53k1fc5m8w", "model": "sessions.session", "fields": {"expire_date": "2014-04-12T18:12:27.162Z", "session_data": "OTVlNGIxYjllZmYxNWI1Y2FiZTg0NGM3YzUwZDA0NTk4ZTg0MDQxYTp7Il9hdXRoX3VzZXJfaWQiOjEsIl9hdXRoX3VzZXJfYmFja2VuZCI6ImRqYW5nby5jb250cmliLmF1dGguYmFja2VuZHMuTW9kZWxCYWNrZW5kIiwid2l6YXJkX3RleHRfd2l6YXJkIjp7InN0ZXBfZmlsZXMiOnt9LCJzdGVwIjpudWxsLCJleHRyYV9kYXRhIjp7fSwic3RlcF9kYXRhIjp7fX19"}}, {"pk": "kc4m0nj0sth0crbxp713fppveex4w5ka", "model": "sessions.session", "fields": {"expire_date": "2014-04-13T21:22:33.894Z", "session_data": "MDFmZmM1ZmY5N2QwZDdlODY2NjEwNjMwNzg0NDJkZjFkYzljZDFmZjp7fQ=="}}, {"pk": 1, "model": "concepts.locationauthority", "fields": {"name": "GeoNames", "id_pattern": "http://www.geonames.org/(.*?)/", "namespace": "http://www.geonames.org", "queryformat": "", "host": "http://api.geonames.org", "retrieveformat": "/get?geonameId={0}&username=erickpeirson&style=full"}}, {"pk": 1, "model": "concepts.concept", "fields": {"name": "Julia Damerow", "similarto": null, "equalto": null, "uri": "http://www.digitalhps.org/concepts/CON8434a254-1aac-46fa-ab1b-24b9e9b14e9c", "location": null, "type": 1}}, {"pk": 2, "model": "concepts.concept", "fields": {"name": "Hilda (Proscholdt) Mangold ", "similarto": null, "equalto": null, "uri": "http://www.digitalhps.org/concepts/CONb73c3d63-199c-46e0-b24e-a94ba53dd55f", "location": null, "type": 1}}, {"pk": 3, "model": "concepts.concept", "fields": {"name": "Hans Spemann", "similarto": null, "equalto": "http://id.loc.gov/authorities/names/n87833698", "uri": "http://www.digitalhps.org/concepts/CONf953d13b-dbb6-4f75-aae1-c507ba903f08", "location": null, "type": 1}}, {"pk": 4, "model": "concepts.concept", "fields": {"name": "University of Jena", "similarto": null, "equalto": null, "uri": "http://www.digitalhps.org/concepts/CONc9062cf1-9c0b-4615-802f-21e552a6769d", "location": null, "type": 2}}, {"pk": 5, "model": "concepts.concept", "fields": {"name": "Otto Mangold", "similarto": null, "equalto": "http://id.loc.gov/authorities/names/n87833700", "uri": "http://www.digitalhps.org/concepts/CONf2d2a083-7888-43cb-a254-d332f29f74d6", "location": null, "type": 1}}, {"pk": 6, "model": "concepts.concept", "fields": {"name": "University of T\u00fcbingen", "similarto": null, "equalto": "http://d-nb.info/gnd/4078451-4", "uri": "http://www.digitalhps.org/concepts/CON0d4c87bb-92bd-4403-9a74-49cfe7325ae7", "location": null, "type": 2}}, {"pk": 7, "model": "concepts.concept", "fields": {"name": "University of Freiburg", "similarto": null, "equalto": null, "uri": "http://www.digitalhps.org/concepts/CONbbaf77d8-0aba-4238-ad32-2653e33efed7", "location": null, "type": 2}}, {"pk": 8, "model": "concepts.concept", "fields": {"name": "University of Rostock", "similarto": null, "equalto": "http://id.loc.gov/authorities/names/n84232362", "uri": "http://www.digitalhps.org/concepts/CON2dca7c86-10b1-4b81-9013-35404cd9bbed", "location": null, "type": 2}}, {"pk": 9, "model": "concepts.concept", "fields": {"name": "teacher", "similarto": null, "equalto": null, "uri": "http://www.digitalhps.org/concepts/CONbc83c588-5c8f-4dad-b769-2ad7a7603138", "location": null, "type": 3}}, {"pk": 10, "model": "concepts.concept", "fields": {"name": "student", "similarto": null, "equalto": null, "uri": "http://www.digitalhps.org/concepts/WID-10665698-N-??-student", "location": null, "type": 3}}, {"pk": 1, "model": "concepts.concepttype", "fields": {"name": "E21 Person", "uri": "http://www.digitalhps.org/types/TYPE_986a7cc9-c0c1-4720-b344-853f08c136ab"}}, {"pk": 2, "model": "concepts.concepttype", "fields": {"name": "E40 Legal Body", "uri": "http://www.digitalhps.org/types/TYPE_3fc436d0-26e7-472c-94de-0b712b66b3f3"}}, {"pk": 3, "model": "concepts.concepttype", "fields": {"name": "E55 Type", "uri": "http://www.digitalhps.org/types/TYPE_4cc57f23-b43b-425e-948a-b0346d73dce0"}}, {"pk": 1, "model": "concepts.conceptauthority", "fields": {"host": "http://chps.asu.edu/conceptpower/rest", "retrieveformat": "/Concept?id={0}", "namespace": "http://www.digitalhps.org", "name": "ASU Conceptpower", "queryformat": "/ConceptLookup/{0}/{1}"}}, {"pk": 1, "model": "texts.text", "fields": {"dateAdded": "2014-03-29", "title": "Hilde Mangold (1898-1924)", "creator": [1], "uri": "http://hdl.handle.net/10776/1743", "dateCreated": "2012-05-10", "content": "Hilde Mangold, previously Hilde Proescholdt, was a German embryologist and physiologist who became well known for research completed with Hans Spemann in the 1920s. As a graduate student, Mangold assisted Spemann and together they discovered and coined the term the \u201corganizer\u201d. The organizer discovery was a crucial contribution to embryology that led to further understanding of the pattern of embryo differentiation of amphibians. Mangold\u2019s dissertation was connected to Spemann\u2019s Nobel Prize, but Mangold died early in life, and was unable to witness the impact her research had on experimental embryology.\r\n\r\nMangold was born on 20 October 1898 to Gertrude and Ernest Proescholdt in Gotha Thuringia, an east-central German province. She was born to a wealthy family that included one older sister and one younger sister. In 1918 she went to the University of Jena, but left in 1919 to attend the University of Frankfurt. While studying in Frankfurt, Mangold attended a lecture held by Hans Spemann. Mangold was so intrigued with Spemann\u2019s research that she decided to follow him to the school where he taught, the Zoological Institute in Freiburg, Germany. Mangold finished her master\u2019s degree in 1920 and began her doctorate in zoology working alongside Spemann. During that time, Mangold was able to work in conjunction with, and befriend, embryologist Viktor Hamburger. According to Hamburger, Mangold was a likeable and exceptional scientist.\r\n\r\nExperimental embryologists performed many cell transplantation experiments during the early 1900s. Their early experiments demonstrated that a recipient embryo determined the fate of a donor embryo\u2019s transplanted cells. For example, if a donor\u2019s back (dorsal) cells were transplanted onto a recipient\u2019s stomach (ventral), the dorsal cells would integrate with and become stomach cells. However, the region fated to become the neural tube, which ultimately forms the brain and spinal cord, did not incorporate. Spemann and Mangold discovered that if the progenitor cells from the neural tube region were transplanted from a donor embryo to a recipient embryo, a neural tube would always develop regardless of the cell\u2019s placement.\r\n\r\nSpemann suggested Mangold\u2019s doctoral dissertation include a series of experiments with embryos of two species of newts, dark colored newt ( Triturus cristatus) and light colored newt (Triturus taeniatus). In the spring of 1921 Mangold began her experiments which consisted of transplanting cells of the dark colored newt embryo onto the light colored newt embryo. Because the two species of Newt had different colored cells, Mangold would be able to create a fate map and trace the cell migrations of the donor tissue.\r\n\r\nThe transplantation technique used by Mangold was difficult and tedious. Using glass needles made by Spemann, small portions of donor embryos were cut out and transplanted onto recipient embryos. Specifically, Mangold transplanted the upper region of the blastopore lip (where gastrulation starts in amphibians) of the gastrula from the dark colored newt onto the opposite side of a light colored newt gastrula. After the procedures, the recipient embryos developed in their natural environment, pond water. Because pond water is not sterile, it was nearly impossible to prevent bacteria from infecting the embryos. Mortality from bacterial infections was high and because of the sensitivity of the experiment, Mangold was unable to get many results in one breeding season. Out of the hundreds of manipulations done, only six embryos were viable enough to yeild data. The resulting recipient embryos had formed second neural tubes and subsequently second head, brains, and spinal cords.\r\n\r\nThose results highlighted Mangold\u2019s dissertation, On the Induction of Embryonic Anlagen by Implantation of Organizers from Different Species (Ueber die Induktion von Embryonalanlagen durch Implantation artfremder Organisatoren). In February 1923, Mangold received her doctorate in zoology and although she objected, Spemann added his name as an author to her dissertation.\r\n\r\nDuring her 1921 experiments, Mangold met and married Otto Mangold, Spemann\u2019s chief advisor. By 1924, the Mangolds\u2019 had a son and moved from Freiburg to Berlin, where Otto had obtained a director position at the Kaiser Wilhelm Institute for Biology. That same year Mangold\u2019s dissertation work appeared in one of the most prominent embryology journals, Wilhelm Roux\u2019s Archiv f\u00fcr Entwicklungsmechanik der Organismen. On 4 September 1924, Mangold died of severe burns caused from a kitchen explosion in her apartment.\r\n\r\nIn 1935, Spemann received the Nobel Prize in Physiology or Medicine for discovering the Organizer. Though Spemann gave credit to Mangold in his acceptance speech, many believe that he would have shared the prize with her if she had not died. Mangold performed the manipulations and authored the dissertation that led to Spemann\u2019s Nobel Prize. Although she did not receive any awards, her work with newt embryos provided a foundation for the field of experimental embryology.\r\n\r\nHamburger, Viktor. \"Hilde Mangold, Co-Discoverer of the Organizer.\" Journal of the History of Biology, 1984: 1\u201311.\r\n\"Hilde Proescholdt Mangold Biography.\" World of Genetics. Thomson Gale, 2006.\r\nLagercrantz, Hugo. \"Hans Spemann (1869\u20131941): Discoverer of the Neuronal Organizer.\" Acta Paediatrica, 2006: 386\u201387.\r\nMangold, Hilde, and Hans Spemann. \"Uber Induktion von Embryonalanlagen durch Implantation artfremder Organisatoren.\" Archiv fur Mikroskopische Anatomie und Entwicklungsmechanik, 1924: 599\u2013638.\r\nOgilvie, Marilyn, and Joy Harvey. The Biographical Dictionary of Women in Science: Pioneering Lives from Ancient Times to the Mid-20th Century. Vol. 2. New York: Routledge, 2000.\r\nSpemann, Hans. \"The Organizer-Effect in Embryonic Development.\" Nobel Lecture, 1935. http://nobelprize.org/nobel_prizes/medicine/laureates/1935/spemann-lecture.html# (Accessed April 9, 2011).\r\nStern, Claudio D. \"Great Experiments: Spemann and Mangold\u2019s Discovery of the Organizer.\" 2001. http://www.bioinfo.org.cn/book/Great%20Experments/great30.htm (Accessed March 26, 2011).\r\n", "length": 6181, "dateDigitized": "2012-05-10", "filename": "HildeMangold.txt", "dateModified": "2014-03-29"}}, {"pk": 2, "model": "texts.text", "fields": {"dateAdded": "2014-03-29", "title": "Otto Mangold (1891-1962)", "creator": [1], "uri": "http://hdl.handle.net/10776/1756", "dateCreated": "2012-05-10", "content": "Otto Mangold was an early-twentieth-century embryologist who specialized in the development of amphibian embryos. A major emphasis of his research was refining the concept of the organizer, now referred to as embryonic induction. He was born on 4 November 1891 in Auenstein, Germany, and came from what Viktor Hamburger, a colleague and personal acquaintance, described as \u201cpeasant stock.\u201d Mangold attended several universities including T\u00fcbingen, Freiburg, and Rostock. He was one of Hans Spemann\u2019s first students at Rostock but had to leave to serve in the air force in World War I.\r\n\r\nWhen Mangold returned from the war, he joined Spemann again, this time as his colleague at the Zoological Institute in Freiburg, Germany. While working as the chief assistant in Spemann\u2019s laboratory, Otto met and, in October of 1921, married Hilde Pr\u00f6escholdt, a graduate student working towards her PhD in zoology in Spemann\u2019s lab. In 1924 Otto was appointed the director of the Division of Experimental Embryology at the Kaiser Wilhelm Institute, so Hilde, Otto, and their infant son moved to Berlin. Shortly after their move, the gas stove in the kitchen of their apartment exploded, burning Hilde severely and ultimately causing her death later that year.\r\n\r\nWhile at the Kaiser Wilhelm Institute, many promising young students, including Viktor Hamburger in 1926 and 1927 and Johannes Holtfreter in 1928, worked as research assistants in Otto\u2019s Division of Experimental Embryology. In 1933 he moved to the University of Erlangen in Bavaria to become the chair for Entwicklungsmechanik (developmental mechanics).\r\n\r\nDuring this period he conducted many important experiments on embryonic induction and the early development of embryonic cells. In his papers \u201c Transplantationsversuche zur Frage der Specifit\u00e4t und der Bildung der Keimbl\u00e4tter bei Triton,\u201d published in 1923 in Wilhelm Roux\u2019s Archiv f\u00fcr Entwicklungsmechanikder Organismen, and \u201c Die Bedeutung der Keimbl\u00e4tter in der Entwicklung\u201d, published in 1925 in Naturwissenschaften, Mangold showed that cells from one germ layer in the early embryo could be induced to develop into cells associated with a different germ layer. For example, early potential epidermal cells could be transplanted and form mesodermal cells that eventually became somites. He and his wife also collaborated on experiments. For instance in 1923 they performed an experiment to show the spatial limits of the organizer region. The results of this experiment were published posthumously in 1929 under Hilde\u2019s name. After 1933 Mangold did not publish any important papers, though he continued receiving grants to study embryonic induction and germ layers in amphibians until 1939.\r\n\r\nEven after he left the Zoological Institute, Otto kept in contact with Spemann and in 1937, at Spemann\u2019s recommendation, became his successor at the Zoological Institute. Mangold became actively involved in the Nationalsozialistische Deutsche Arbeiterpartei, more commonly known as the Nazi party, after his return to Freiburg. In 1938 he was installed by the government as the rector of the university due largely to his political affiliations. Mangold served as rector until 1941, even though the position was generally held for only one year. During that time, he helped to implement Nazi policies within the university. After his term as rector of the university, Mangold returned as the director of the Zoological Institute until the Allies took over Germany in the spring of 1945. Mangold\u2019s Nazi party affiliations ultimately cost him his position at the university. From 1942 until 1944 he also served as editor of Roux\u2019s Archiv f\u00fcr Entwicklungsmechanik der Organismen. He continued to study embryonic induction as the head of the department of embryology at a privately financed research institute, the Heiligenberg Institut in Heiligenberg, Germany, until his death on 2 July 1962.\r\n\r\nDeichmann, Ute, and Thomas Dunlap. Biologists Under Hitler. Cambridge, MA: Harvard University Press, 1996. http://books.google.com/booksid=gPrtE4K0WC8C&printsec=copyright&dq=Heiligenberg+Institut+otto+mangold#PPP1,M1.\r\nF\u00e4\u03b2ler, Peter E. \u201cHans Spemann (1869\u20131941) and the Freiburg School of Embryology.\u201d International Journal of Developmental Biology 40 (1996): 49\u201357.\r\nHamburger, Viktor. The Heritage of Experimental Embryology. New York: Oxford University Press, 1988.\r\n", "length": 4417, "dateDigitized": "2012-05-10", "filename": "OttoMangold.txt", "dateModified": "2014-03-29"}}, {"pk": 1, "model": "networks.node", "fields": {"appellations": [1, 4], "concept": 2, "type": 1}}, {"pk": 2, "model": "networks.node", "fields": {"appellations": [2, 6], "concept": 3, "type": 1}}, {"pk": 3, "model": "networks.node", "fields": {"appellations": [3], "concept": 4, "type": 2}}, {"pk": 4, "model": "networks.node", "fields": {"appellations": [5, 8, 10, 12], "concept": 5, "type": 1}}, {"pk": 5, "model": "networks.node", "fields": {"appellations": [7], "concept": 6, "type": 2}}, {"pk": 6, "model": "networks.node", "fields": {"appellations": [9], "concept": 7, "type": 2}}, {"pk": 7, "model": "networks.node", "fields": {"appellations": [11], "concept": 8, "type": 2}}, {"pk": 1, "model": "networks.network", "fields": {"nodes": [1, 2, 3, 4, 5, 6, 7], "edges": [1, 2, 3, 4, 5, 6], "name": "JD Network"}}, {"pk": 1, "model": "networks.nodetype", "fields": {"name": "Hilda (Proscholdt) Mangold ", "uri": "http://www.digitalhps.org/types/TYPE_986a7cc9-c0c1-4720-b344-853f08c136ab"}}, {"pk": 2, "model": "networks.nodetype", "fields": {"name": "University of Jena", "uri": "http://www.digitalhps.org/types/TYPE_3fc436d0-26e7-472c-94de-0b712b66b3f3"}}, {"pk": 1, "model": "networks.edge", "fields": {"source": 1, "concept": 9, "target": 2, "relations": [1]}}, {"pk": 2, "model": "networks.edge", "fields": {"source": 4, "concept": 9, "target": 2, "relations": [2]}}, {"pk": 3, "model": "networks.edge", "fields": {"source": 3, "concept": 10, "target": 1, "relations": [3]}}, {"pk": 4, "model": "networks.edge", "fields": {"source": 5, "concept": 10, "target": 4, "relations": [4]}}, {"pk": 5, "model": "networks.edge", "fields": {"source": 6, "concept": 10, "target": 4, "relations": [5]}}, {"pk": 6, "model": "networks.edge", "fields": {"source": 7, "concept": 10, "target": 4, "relations": [6]}}, {"pk": 1, "model": "networks.textposition", "fields": {"startposition": 0, "text": 1, "endposition": 13}}, {"pk": 2, "model": "networks.textposition", "fields": {"startposition": 138, "text": 1, "endposition": 150}}, {"pk": 3, "model": "networks.textposition", "fields": {"startposition": 848, "text": 1, "endposition": 866}}, {"pk": 4, "model": "networks.textposition", "fields": {"startposition": 0, "text": 1, "endposition": 13}}, {"pk": 5, "model": "networks.textposition", "fields": {"startposition": 0, "text": 2, "endposition": 12}}, {"pk": 6, "model": "networks.textposition", "fields": {"startposition": 485, "text": 2, "endposition": 497}}, {"pk": 7, "model": "networks.textposition", "fields": {"startposition": 438, "text": 2, "endposition": 446}}, {"pk": 8, "model": "networks.textposition", "fields": {"startposition": 0, "text": 2, "endposition": 12}}, {"pk": 9, "model": "networks.textposition", "fields": {"startposition": 448, "text": 2, "endposition": 456}}, {"pk": 10, "model": "networks.textposition", "fields": {"startposition": 0, "text": 2, "endposition": 12}}, {"pk": 11, "model": "networks.textposition", "fields": {"startposition": 462, "text": 2, "endposition": 469}}, {"pk": 12, "model": "networks.textposition", "fields": {"startposition": 0, "text": 2, "endposition": 12}}, {"pk": 13, "model": "networks.textposition", "fields": {"startposition": 0, "text": 1, "endposition": 0}}, {"pk": 14, "model": "networks.textposition", "fields": {"startposition": 0, "text": 1, "endposition": 0}}, {"pk": 15, "model": "networks.textposition", "fields": {"startposition": 0, "text": 1, "endposition": 0}}, {"pk": 16, "model": "networks.textposition", "fields": {"startposition": 0, "text": 2, "endposition": 0}}, {"pk": 17, "model": "networks.textposition", "fields": {"startposition": 0, "text": 2, "endposition": 0}}, {"pk": 18, "model": "networks.textposition", "fields": {"startposition": 0, "text": 2, "endposition": 0}}, {"pk": 19, "model": "networks.textposition", "fields": {"startposition": 0, "text": 1, "endposition": 13}}, {"pk": 20, "model": "networks.textposition", "fields": {"startposition": 138, "text": 1, "endposition": 150}}, {"pk": 21, "model": "networks.textposition", "fields": {"startposition": 848, "text": 1, "endposition": 866}}, {"pk": 22, "model": "networks.textposition", "fields": {"startposition": 0, "text": 1, "endposition": 13}}, {"pk": 23, "model": "networks.textposition", "fields": {"startposition": 0, "text": 2, "endposition": 12}}, {"pk": 24, "model": "networks.textposition", "fields": {"startposition": 485, "text": 2, "endposition": 497}}, {"pk": 25, "model": "networks.textposition", "fields": {"startposition": 438, "text": 2, "endposition": 446}}, {"pk": 26, "model": "networks.textposition", "fields": {"startposition": 0, "text": 2, "endposition": 12}}, {"pk": 27, "model": "networks.textposition", "fields": {"startposition": 448, "text": 2, "endposition": 456}}, {"pk": 28, "model": "networks.textposition", "fields": {"startposition": 0, "text": 2, "endposition": 12}}, {"pk": 29, "model": "networks.textposition", "fields": {"startposition": 462, "text": 2, "endposition": 469}}, {"pk": 30, "model": "networks.textposition", "fields": {"startposition": 0, "text": 2, "endposition": 12}}, {"pk": 31, "model": "networks.textposition", "fields": {"startposition": 0, "text": 1, "endposition": 0}}, {"pk": 32, "model": "networks.textposition", "fields": {"startposition": 0, "text": 2, "endposition": 0}}, {"pk": 33, "model": "networks.textposition", "fields": {"startposition": 0, "text": 1, "endposition": 0}}, {"pk": 34, "model": "networks.textposition", "fields": {"startposition": 0, "text": 2, "endposition": 0}}, {"pk": 35, "model": "networks.textposition", "fields": {"startposition": 0, "text": 2, "endposition": 0}}, {"pk": 36, "model": "networks.textposition", "fields": {"startposition": 0, "text": 2, "endposition": 0}}, {"pk": 1, "model": "networks.dataset", "fields": {"added": "2014-03-29T18:29:28.550Z", "appellations": [1, 2, 3, 4, 5, 6, 7, 8, 9, 10, 11, 12, 13, 14, 15, 16, 17, 18], "name": "JD Dataset", "relations": [1, 2, 3, 4, 5, 6]}}, {"pk": 1, "model": "networks.networklink", "fields": {"added": "2014-03-29T18:29:28.551Z", "network": 1, "dataset": 1}}, {"pk": 2, "model": "networks.networklink", "fields": {"added": "2014-03-29T18:29:28.709Z", "network": 1, "dataset": 1}}, {"pk": 1, "model": "networks.appellation", "fields": {"textposition": 19, "concept": 2}}, {"pk": 2, "model": "networks.appellation", "fields": {"textposition": 20, "concept": 3}}, {"pk": 3, "model": "networks.appellation", "fields": {"textposition": 21, "concept": 4}}, {"pk": 4, "model": "networks.appellation", "fields": {"textposition": 22, "concept": 2}}, {"pk": 5, "model": "networks.appellation", "fields": {"textposition": 23, "concept": 5}}, {"pk": 6, "model": "networks.appellation", "fields": {"textposition": 24, "concept": 3}}, {"pk": 7, "model": "networks.appellation", "fields": {"textposition": 25, "concept": 6}}, {"pk": 8, "model": "networks.appellation", "fields": {"textposition": 26, "concept": 5}}, {"pk": 9, "model": "networks.appellation", "fields": {"textposition": 27, "concept": 7}}, {"pk": 10, "model": "networks.appellation", "fields": {"textposition": 28, "concept": 5}}, {"pk": 11, "model": "networks.appellation", "fields": {"textposition": 29, "concept": 8}}, {"pk": 12, "model": "networks.appellation", "fields": {"textposition": 30, "concept": 5}}, {"pk": 13, "model": "networks.appellation", "fields": {"textposition": 31, "concept": 9}}, {"pk": 14, "model": "networks.appellation", "fields": {"textposition": 32, "concept": 9}}, {"pk": 15, "model": "networks.appellation", "fields": {"textposition": 33, "concept": 10}}, {"pk": 16, "model": "networks.appellation", "fields": {"textposition": 34, "concept": 10}}, {"pk": 17, "model": "networks.appellation", "fields": {"textposition": 35, "concept": 10}}, {"pk": 18, "model": "networks.appellation", "fields": {"textposition": 36, "concept": 10}}, {"pk": 1, "model": "networks.relation", "fields": {"source": 1, "predicate": 13, "target": 2}}, {"pk": 2, "model": "networks.relation", "fields": {"source": 5, "predicate": 14, "target": 6}}, {"pk": 3, "model": "networks.relation", "fields": {"source": 3, "predicate": 15, "target": 4}}, {"pk": 4, "model": "networks.relation", "fields": {"source": 7, "predicate": 16, "target": 8}}, {"pk": 5, "model": "networks.relation", "fields": {"source": 9, "predicate": 17, "target": 10}}, {"pk": 6, "model": "networks.relation", "fields": {"source": 11, "predicate": 18, "target": 12}}, {"pk": 1, "model": "auth.permission", "fields": {"codename": "add_logentry", "name": "Can add log entry", "content_type": 1}}, {"pk": 2, "model": "auth.permission", "fields": {"codename": "change_logentry", "name": "Can change log entry", "content_type": 1}}, {"pk": 3, "model": "auth.permission", "fields": {"codename": "delete_logentry", "name": "Can delete log entry", "content_type": 1}}, {"pk": 4, "model": "auth.permission", "fields": {"codename": "add_permission", "name": "Can add permission", "content_type": 2}}, {"pk": 5, "model": "auth.permission", "fields": {"codename": "change_permission", "name": "Can change permission", "content_type": 2}}, {"pk": 6, "model": "auth.permission", "fields": {"codename": "delete_permission", "name": "Can delete permission", "content_type": 2}}, {"pk": 7, "model": "auth.permission", "fields": {"codename": "add_group", "name": "Can add group", "content_type": 3}}, {"pk": 8, "model": "auth.permission", "fields": {"codename": "change_group", "name": "Can change group", "content_type": 3}}, {"pk": 9, "model": "auth.permission", "fields": {"codename": "delete_group", "name": "Can delete group", "content_type": 3}}, {"pk": 10, "model": "auth.permission", "fields": {"codename": "add_user", "name": "Can add user", "content_type": 4}}, {"pk": 11, "model": "auth.permission", "fields": {"codename": "change_user", "name": "Can change user", "content_type": 4}}, {"pk": 12, "model": "auth.permission", "fields": {"codename": "delete_user", "name": "Can delete user", "content_type": 4}}, {"pk": 13, "model": "auth.permission", "fields": {"codename": "add_contenttype", "name": "Can add content type", "content_type": 5}}, {"pk": 14, "model": "auth.permission", "fields": {"codename": "change_contenttype", "name": "Can change content type", "content_type": 5}}, {"pk": 15, "model": "auth.permission", "fields": {"codename": "delete_contenttype", "name": "Can delete content type", "content_type": 5}}, {"pk": 16, "model": "auth.permission", "fields": {"codename": "add_session", "name": "Can add session", "content_type": 6}}, {"pk": 17, "model": "auth.permission", "fields": {"codename": "change_session", "name": "Can change session", "content_type": 6}}, {"pk": 18, "model": "auth.permission", "fields": {"codename": "delete_session", "name": "Can delete session", "content_type": 6}}, {"pk": 19, "model": "auth.permission", "fields": {"codename": "add_locationauthority", "name": "Can add location authority", "content_type": 7}}, {"pk": 20, "model": "auth.permission", "fields": {"codename": "change_locationauthority", "name": "Can change location authority", "content_type": 7}}, {"pk": 21, "model": "auth.permission", "fields": {"codename": "delete_locationauthority", "name": "Can delete location authority", "content_type": 7}}, {"pk": 22, "model": "auth.permission", "fields": {"codename": "add_location", "name": "Can add location", "content_type": 8}}, {"pk": 23, "model": "auth.permission", "fields": {"codename": "change_location", "name": "Can change location", "content_type": 8}}, {"pk": 24, "model": "auth.permission", "fields": {"codename": "delete_location", "name": "Can delete location", "content_type": 8}}, {"pk": 25, "model": "auth.permission", "fields": {"codename": "add_concept", "name": "Can add concept", "content_type": 9}}, {"pk": 26, "model": "auth.permission", "fields": {"codename": "change_concept", "name": "Can change concept", "content_type": 9}}, {"pk": 27, "model": "auth.permission", "fields": {"codename": "delete_concept", "name": "Can delete concept", "content_type": 9}}, {"pk": 28, "model": "auth.permission", "fields": {"codename": "add_concepttype", "name": "Can add concept type", "content_type": 10}}, {"pk": 29, "model": "auth.permission", "fields": {"codename": "change_concepttype", "name": "Can change concept type", "content_type": 10}}, {"pk": 30, "model": "auth.permission", "fields": {"codename": "delete_concepttype", "name": "Can delete concept type", "content_type": 10}}, {"pk": 31, "model": "auth.permission", "fields": {"codename": "add_conceptauthority", "name": "Can add concept authority", "content_type": 11}}, {"pk": 32, "model": "auth.permission", "fields": {"codename": "change_conceptauthority", "name": "Can change concept authority", "content_type": 11}}, {"pk": 33, "model": "auth.permission", "fields": {"codename": "delete_conceptauthority", "name": "Can delete concept authority", "content_type": 11}}, {"pk": 34, "model": "auth.permission", "fields": {"codename": "add_text", "name": "Can add text", "content_type": 12}}, {"pk": 35, "model": "auth.permission", "fields": {"codename": "change_text", "name": "Can change text", "content_type": 12}}, {"pk": 36, "model": "auth.permission", "fields": {"codename": "delete_text", "name": "Can delete text", "content_type": 12}}, {"pk": 37, "model": "auth.permission", "fields": {"codename": "add_node", "name": "Can add node", "content_type": 13}}, {"pk": 38, "model": "auth.permission", "fields": {"codename": "change_node", "name": "Can change node", "content_type": 13}}, {"pk": 39, "model": "auth.permission", "fields": {"codename": "delete_node", "name": "Can delete node", "content_type": 13}}, {"pk": 40, "model": "auth.permission", "fields": {"codename": "add_network", "name": "Can add network", "content_type": 14}}, {"pk": 41, "model": "auth.permission", "fields": {"codename": "change_network", "name": "Can change network", "content_type": 14}}, {"pk": 42, "model": "auth.permission", "fields": {"codename": "delete_network", "name": "Can delete network", "content_type": 14}}, {"pk": 43, "model": "auth.permission", "fields": {"codename": "add_nodetype", "name": "Can add node type", "content_type": 15}}, {"pk": 44, "model": "auth.permission", "fields": {"codename": "change_nodetype", "name": "Can change node type", "content_type": 15}}, {"pk": 45, "model": "auth.permission", "fields": {"codename": "delete_nodetype", "name": "Can delete node type", "content_type": 15}}, {"pk": 46, "model": "auth.permission", "fields": {"codename": "add_networkprojection", "name": "Can add network projection", "content_type": 16}}, {"pk": 47, "model": "auth.permission", "fields": {"codename": "change_networkprojection", "name": "Can change network projection", "content_type": 16}}, {"pk": 48, "model": "auth.permission", "fields": {"codename": "delete_networkprojection", "name": "Can delete network projection", "content_type": 16}}, {"pk": 49, "model": "auth.permission", "fields": {"codename": "add_edge", "name": "Can add edge", "content_type": 17}}, {"pk": 50, "model": "auth.permission", "fields": {"codename": "change_edge", "name": "Can change edge", "content_type": 17}}, {"pk": 51, "model": "auth.permission", "fields": {"codename": "delete_edge", "name": "Can delete edge", "content_type": 17}}, {"pk": 52, "model": "auth.permission", "fields": {"codename": "add_textposition", "name": "Can add text position", "content_type": 18}}, {"pk": 53, "model": "auth.permission", "fields": {"codename": "change_textposition", "name": "Can change text position", "content_type": 18}}, {"pk": 54, "model": "auth.permission", "fields": {"codename": "delete_textposition", "name": "Can delete text position", "content_type": 18}}, {"pk": 55, "model": "auth.permission", "fields": {"codename": "add_dataset", "name": "Can add dataset", "content_type": 19}}, {"pk": 56, "model": "auth.permission", "fields": {"codename": "change_dataset", "name": "Can change dataset", "content_type": 19}}, {"pk": 57, "model": "auth.permission", "fields": {"codename": "delete_dataset", "name": "Can delete dataset", "content_type": 19}}, {"pk": 58, "model": "auth.permission", "fields": {"codename": "add_networklink", "name": "Can add network link", "content_type": 20}}, {"pk": 59, "model": "auth.permission", "fields": {"codename": "change_networklink", "name": "Can change network link", "content_type": 20}}, {"pk": 60, "model": "auth.permission", "fields": {"codename": "delete_networklink", "name": "Can delete network link", "content_type": 20}}, {"pk": 61, "model": "auth.permission", "fields": {"codename": "add_appellation", "name": "Can add appellation", "content_type": 21}}, {"pk": 62, "model": "auth.permission", "fields": {"codename": "change_appellation", "name": "Can change appellation", "content_type": 21}}, {"pk": 63, "model": "auth.permission", "fields": {"codename": "delete_appellation", "name": "Can delete appellation", "content_type": 21}}, {"pk": 64, "model": "auth.permission", "fields": {"codename": "add_relation", "name": "Can add relation", "content_type": 22}}, {"pk": 65, "model": "auth.permission", "fields": {"codename": "change_relation", "name": "Can change relation", "content_type": 22}}, {"pk": 66, "model": "auth.permission", "fields": {"codename": "delete_relation", "name": "Can delete relation", "content_type": 22}}, {"pk": 67, "model": "auth.permission", "fields": {"codename": "add_repository", "name": "Can add repository", "content_type": 23}}, {"pk": 68, "model": "auth.permission", "fields": {"codename": "change_repository", "name": "Can change repository", "content_type": 23}}, {"pk": 69, "model": "auth.permission", "fields": {"codename": "delete_repository", "name": "Can delete repository", "content_type": 23}}, {"pk": 70, "model": "auth.permission", "fields": {"codename": "add_credential", "name": "Can add credential", "content_type": 24}}, {"pk": 71, "model": "auth.permission", "fields": {"codename": "change_credential", "name": "Can change credential", "content_type": 24}}, {"pk": 72, "model": "auth.permission", "fields": {"codename": "delete_credential", "name": "Can delete credential", "content_type": 24}}, {"pk": 1, "model": "auth.user", "fields": {"username": "erickpeirson", "first_name": "", "last_name": "", "is_active": true, "is_superuser": true, "is_staff": true, "last_login": "2014-03-29T18:09:10.150Z", "groups": [], "user_permissions": [], "password": "pbkdf2_sha256$12000$ezyKV3cmBrgc$VNPpKY75BL/46boGVwP8JMcGIrdR5tuTMVD/QFvPUhc=", "email": "", "date_joined": "2014-03-29T18:08:59.572Z"}}, {"pk": 1, "model": "admin.logentry", "fields": {"action_flag": 1, "action_time": "2014-03-29T18:09:25.686Z", "object_repr": "ConceptAuthority object", "object_id": "1", "change_message": "", "user": 1, "content_type": 11}}, {"pk": 2, "model": "admin.logentry", "fields": {"action_flag": 1, "action_time": "2014-03-29T18:09:44.699Z", "object_repr": "LocationAuthority object", "object_id": "1", "change_message": "", "user": 1, "content_type": 7}}, {"pk": 3, "model": "admin.logentry", "fields": {"action_flag": 1, "action_time": "2014-03-29T18:10:37.046Z", "object_repr": "", "object_id": "None", "change_message": "", "user": 1, "content_type": 9}}, {"pk": 4, "model": "admin.logentry", "fields": {"action_flag": 1, "action_time": "2014-03-29T18:13:10.297Z", "object_repr": "JD Network", "object_id": "1", "change_message": "", "user": 1, "content_type": 14}}, {"pk": 5, "model": "admin.logentry", "fields": {"action_flag": 1, "action_time": "2014-03-29T18:13:15.314Z", "object_repr": "JD Dataset", "object_id": "1", "change_message": "", "user": 1, "content_type": 19}}, {"pk": 6, "model": "admin.logentry", "fields": {"action_flag": 3, "action_time": "2014-03-29T18:28:51.723Z", "object_repr": "University of Rostock", "object_id": "7", "change_message": "", "user": 1, "content_type": 13}}, {"pk": 7, "model": "admin.logentry", "fields": {"action_flag": 3, "action_time": "2014-03-29T18:28:51.725Z", "object_repr": "University of Freiburg", "object_id": "6", "change_message": "", "user": 1, "content_type": 13}}, {"pk": 8, "model": "admin.logentry", "fields": {"action_flag": 3, "action_time": "2014-03-29T18:28:51.727Z", "object_repr": "University of T\u00fcbingen", "object_id": "5", "change_message": "", "user": 1, "content_type": 13}}, {"pk": 9, "model": "admin.logentry", "fields": {"action_flag": 3, "action_time": "2014-03-29T18:28:51.729Z", "object_repr": "Otto Mangold", "object_id": "4", "change_message": "", "user": 1, "content_type": 13}}, {"pk": 10, "model": "admin.logentry", "fields": {"action_flag": 3, "action_time": "2014-03-29T18:28:51.731Z", "object_repr": "University of Jena", "object_id": "3", "change_message": "", "user": 1, "content_type": 13}}, {"pk": 11, "model": "admin.logentry", "fields": {"action_flag": 3, "action_time": "2014-03-29T18:28:51.733Z", "object_repr": "Hans Spemann", "object_id": "2", "change_message": "", "user": 1, "content_type": 13}}, {"pk": 12, "model": "admin.logentry", "fields": {"action_flag": 3, "action_time": "2014-03-29T18:28:51.735Z", "object_repr": "Hilda (Proscholdt) Mangold ", "object_id": "1", "change_message": "", "user": 1, "content_type": 13}}, {"pk": 13, "model": "admin.logentry", "fields": {"action_flag": 3, "action_time": "2014-03-29T18:29:01.747Z", "object_repr": "student", "object_id": "18", "change_message": "", "user": 1, "content_type": 21}}, {"pk": 14, "model": "admin.logentry", "fields": {"action_flag": 3, "action_time": "2014-03-29T18:29:01.749Z", "object_repr": "student", "object_id": "17", "change_message": "", "user": 1, "content_type": 21}}, {"pk": 15, "model": "admin.logentry", "fields": {"action_flag": 3, "action_time": "2014-03-29T18:29:01.751Z", "object_repr": "student", "object_id": "16", "change_message": "", "user": 1, "content_type": 21}}, {"pk": 16, "model": "admin.logentry", "fields": {"action_flag": 3, "action_time": "2014-03-29T18:29:01.753Z", "object_repr": "student", "object_id": "15", "change_message": "", "user": 1, "content_type": 21}}, {"pk": 17, "model": "admin.logentry", "fields": {"action_flag": 3, "action_time": "2014-03-29T18:29:01.755Z", "object_repr": "teacher", "object_id": "14", "change_message": "", "user": 1, "content_type": 21}}, {"pk": 18, "model": "admin.logentry", "fields": {"action_flag": 3, "action_time": "2014-03-29T18:29:01.757Z", "object_repr": "teacher", "object_id": "13", "change_message": "", "user": 1, "content_type": 21}}, {"pk": 19, "model": "admin.logentry", "fields": {"action_flag": 3, "action_time": "2014-03-29T18:29:01.759Z", "object_repr": "Otto Mangold", "object_id": "12", "change_message": "", "user": 1, "content_type": 21}}, {"pk": 20, "model": "admin.logentry", "fields": {"action_flag": 3, "action_time": "2014-03-29T18:29:01.761Z", "object_repr": "University of Rostock", "object_id": "11", "change_message": "", "user": 1, "content_type": 21}}, {"pk": 21, "model": "admin.logentry", "fields": {"action_flag": 3, "action_time": "2014-03-29T18:29:01.763Z", "object_repr": "Otto Mangold", "object_id": "10", "change_message": "", "user": 1, "content_type": 21}}, {"pk": 22, "model": "admin.logentry", "fields": {"action_flag": 3, "action_time": "2014-03-29T18:29:01.766Z", "object_repr": "University of Freiburg", "object_id": "9", "change_message": "", "user": 1, "content_type": 21}}, {"pk": 23, "model": "admin.logentry", "fields": {"action_flag": 3, "action_time": "2014-03-29T18:29:01.769Z", "object_repr": "Otto Mangold", "object_id": "8", "change_message": "", "user": 1, "content_type": 21}}, {"pk": 24, "model": "admin.logentry", "fields": {"action_flag": 3, "action_time": "2014-03-29T18:29:01.771Z", "object_repr": "University of T\u00fcbingen", "object_id": "7", "change_message": "", "user": 1, "content_type": 21}}, {"pk": 25, "model": "admin.logentry", "fields": {"action_flag": 3, "action_time": "2014-03-29T18:29:01.773Z", "object_repr": "Hans Spemann", "object_id": "6", "change_message": "", "user": 1, "content_type": 21}}, {"pk": 26, "model": "admin.logentry", "fields": {"action_flag": 3, "action_time": "2014-03-29T18:29:01.775Z", "object_repr": "Otto Mangold", "object_id": "5", "change_message": "", "user": 1, "content_type": 21}}, {"pk": 27, "model": "admin.logentry", "fields": {"action_flag": 3, "action_time": "2014-03-29T18:29:01.778Z", "object_repr": "Hilda (Proscholdt) Mangold ", "object_id": "4", "change_message": "", "user": 1, "content_type": 21}}, {"pk": 28, "model": "admin.logentry", "fields": {"action_flag": 3, "action_time": "2014-03-29T18:29:01.780Z", "object_repr": "University of Jena", "object_id": "3", "change_message": "", "user": 1, "content_type": 21}}, {"pk": 29, "model": "admin.logentry", "fields": {"action_flag": 3, "action_time": "2014-03-29T18:29:01.782Z", "object_repr": "Hans Spemann", "object_id": "2", "change_message": "", "user": 1, "content_type": 21}}, {"pk": 30, "model": "admin.logentry", "fields": {"action_flag": 3, "action_time": "2014-03-29T18:29:01.784Z", "object_repr": "Hilda (Proscholdt) Mangold ", "object_id": "1", "change_message": "", "user": 1, "content_type": 21}}, {"pk": 31, "model": "admin.logentry", "fields": {"action_flag": 3, "action_time": "2014-03-29T18:29:11.601Z", "object_repr": "JD Dataset", "object_id": "1", "change_message": "", "user": 1, "content_type": 19}}, {"pk": 32, "model": "admin.logentry", "fields": {"action_flag": 1, "action_time": "2014-03-29T18:29:28.709Z", "object_repr": "JD Dataset", "object_id": "1", "change_message": "", "user": 1, "content_type": 19}}]